<?xml version="1.0" encoding="utf-8"?>
<GraphicalInterface>
  <P Name="NumRootInports">0</P>
  <P Name="NumRootOutports">0</P>
  <P Name="ParameterArgumentNames"/>
  <P Name="NumModelReferences">0</P>
  <P Name="NumTestPointedSignals">0</P>
  <P Name="NumProvidedFunctions">0</P>
  <P Name="NumRequiredFunctions">0</P>
  <P Name="NumResetEvents">0</P>
  <P Name="HasInitializeEvent">0</P>
  <P Name="HasTerminateEvent">0</P>
  <P Name="PreCompExecutionDomainType">Unset</P>
  <P Name="IsExportFunctionModel">0</P>
  <P Name="NumParameterArguments">0</P>
  <P Name="NumExternalFileReferences">114</P>
  <ExternalFileReference>
    <P Name="Reference">sm_lib/Utilities/Mechanism
Configuration</P>
    <P Name="Path">$bdroot/Mechanism Configuration</P>
    <P Name="SID">15</P>
    <P Name="Type">LIBRARY_BLOCK</P>
  </ExternalFileReference>
  <ExternalFileReference>
    <P Name="Reference">nesl_utility/Solver
Configuration</P>
    <P Name="Path">$bdroot/Solver Configuration</P>
    <P Name="SID">1</P>
    <P Name="Type">LIBRARY_BLOCK</P>
  </ExternalFileReference>
  <ExternalFileReference>
    <P Name="Reference">sm_lib/Joints/6-DOF Joint</P>
    <P Name="Path">$bdroot/World/6-DOF Joint</P>
    <P Name="SID">699</P>
    <P Name="Type">LIBRARY_BLOCK</P>
  </ExternalFileReference>
  <ExternalFileReference>
    <P Name="Reference">simulink/Sources/Band-Limited
White Noise</P>
    <P Name="Path">$bdroot/World/Band-Limited White Noise</P>
    <P Name="SID">1853</P>
    <P Name="Type">LIBRARY_BLOCK</P>
  </ExternalFileReference>
  <ExternalFileReference>
    <P Name="Reference">simulink/Sources/Band-Limited
White Noise</P>
    <P Name="Path">$bdroot/World/Band-Limited White Noise1</P>
    <P Name="SID">1854</P>
    <P Name="Type">LIBRARY_BLOCK</P>
  </ExternalFileReference>
  <ExternalFileReference>
    <P Name="Reference">simulink/Sources/Band-Limited
White Noise</P>
    <P Name="Path">$bdroot/World/Band-Limited White Noise2</P>
    <P Name="SID">1879</P>
    <P Name="Type">LIBRARY_BLOCK</P>
  </ExternalFileReference>
  <ExternalFileReference>
    <P Name="Reference">sm_lib/Frames and
Transforms/Rigid
Transform</P>
    <P Name="Path">$bdroot/World/Body Floor</P>
    <P Name="SID">1419</P>
    <P Name="Type">LIBRARY_BLOCK</P>
  </ExternalFileReference>
  <ExternalFileReference>
    <P Name="Reference">sm_lib/Frames and
Transforms/Rigid
Transform</P>
    <P Name="Path">$bdroot/World/Body Floor1</P>
    <P Name="SID">1865</P>
    <P Name="Type">LIBRARY_BLOCK</P>
  </ExternalFileReference>
  <ExternalFileReference>
    <P Name="Reference">simulink_extras/Transformations/Degrees to
Radians</P>
    <P Name="Path">$bdroot/World/Car/Anglemeter/Degrees to Radians</P>
    <P Name="SID">1600</P>
    <P Name="Type">LIBRARY_BLOCK</P>
  </ExternalFileReference>
  <ExternalFileReference>
    <P Name="Reference">nesl_utility/PS-Simulink
Converter</P>
    <P Name="Path">$bdroot/World/Car/Anglemeter/PS-Simulink Converter2</P>
    <P Name="SID">689</P>
    <P Name="Type">LIBRARY_BLOCK</P>
  </ExternalFileReference>
  <ExternalFileReference>
    <P Name="Reference">sm_lib/Frames and
Transforms/Transform
Sensor</P>
    <P Name="Path">$bdroot/World/Car/Anglemeter/Transform Sensor1</P>
    <P Name="SID">690</P>
    <P Name="Type">LIBRARY_BLOCK</P>
  </ExternalFileReference>
  <ExternalFileReference>
    <P Name="Reference">sm_lib/Frames and
Transforms/Rigid
Transform</P>
    <P Name="Path">$bdroot/World/Car/Body Floor</P>
    <P Name="SID">152</P>
    <P Name="Type">LIBRARY_BLOCK</P>
  </ExternalFileReference>
  <ExternalFileReference>
    <P Name="Reference">sm_lib/Frames and
Transforms/Rigid
Transform</P>
    <P Name="Path">$bdroot/World/Car/Body Floor1</P>
    <P Name="SID">366</P>
    <P Name="Type">LIBRARY_BLOCK</P>
  </ExternalFileReference>
  <ExternalFileReference>
    <P Name="Reference">sm_lib/Body Elements/Solid</P>
    <P Name="Path">$bdroot/World/Car/Chassi</P>
    <P Name="SID">47</P>
    <P Name="Type">LIBRARY_BLOCK</P>
  </ExternalFileReference>
  <ExternalFileReference>
    <P Name="Reference">simulink/Logic and Bit
Operations/Compare
To Constant</P>
    <P Name="Path">$bdroot/World/Car/Sim STOPPER/Compare To Constant</P>
    <P Name="SID">368</P>
    <P Name="Type">LIBRARY_BLOCK</P>
  </ExternalFileReference>
  <ExternalFileReference>
    <P Name="Reference">nesl_utility/PS-Simulink
Converter</P>
    <P Name="Path">$bdroot/World/Car/Sim STOPPER/PS-Simulink Converter</P>
    <P Name="SID">369</P>
    <P Name="Type">LIBRARY_BLOCK</P>
  </ExternalFileReference>
  <ExternalFileReference>
    <P Name="Reference">sm_lib/Frames and
Transforms/Transform
Sensor</P>
    <P Name="Path">$bdroot/World/Car/Sim STOPPER/Transform Sensor</P>
    <P Name="SID">371</P>
    <P Name="Type">LIBRARY_BLOCK</P>
  </ExternalFileReference>
  <ExternalFileReference>
    <P Name="Reference">sm_lib/Frames and
Transforms/Rigid
Transform</P>
    <P Name="Path">$bdroot/World/Car/Wheel 1 Connection</P>
    <P Name="SID">53</P>
    <P Name="Type">LIBRARY_BLOCK</P>
  </ExternalFileReference>
  <ExternalFileReference>
    <P Name="Reference">sm_lib/Frames and
Transforms/Rigid
Transform</P>
    <P Name="Path">$bdroot/World/Car/Wheel 2 Connection</P>
    <P Name="SID">55</P>
    <P Name="Type">LIBRARY_BLOCK</P>
  </ExternalFileReference>
  <ExternalFileReference>
    <P Name="Reference">sm_lib/Frames and
Transforms/Rigid
Transform</P>
    <P Name="Path">$bdroot/World/Car/Wheel 3 Connection</P>
    <P Name="SID">57</P>
    <P Name="Type">LIBRARY_BLOCK</P>
  </ExternalFileReference>
  <ExternalFileReference>
    <P Name="Reference">sm_lib/Frames and
Transforms/Rigid
Transform</P>
    <P Name="Path">$bdroot/World/Car/Wheel 4 Connection</P>
    <P Name="SID">56</P>
    <P Name="Type">LIBRARY_BLOCK</P>
  </ExternalFileReference>
  <ExternalFileReference>
    <P Name="Reference">sm_lib/Forces and
Torques/External Force
and Torque</P>
    <P Name="Path">$bdroot/World/Car/Wheel Model 1/External Force and Torque</P>
    <P Name="SID">1888</P>
    <P Name="Type">LIBRARY_BLOCK</P>
  </ExternalFileReference>
  <ExternalFileReference>
    <P Name="Reference">sm_lib/Body Elements/Solid</P>
    <P Name="Path">$bdroot/World/Car/Wheel Model 1/Infastningshus</P>
    <P Name="SID">1889</P>
    <P Name="Type">LIBRARY_BLOCK</P>
  </ExternalFileReference>
  <ExternalFileReference>
    <P Name="Reference">sm_lib/Body Elements/Solid</P>
    <P Name="Path">$bdroot/World/Car/Wheel Model 1/InnerWeight</P>
    <P Name="SID">1890</P>
    <P Name="Type">LIBRARY_BLOCK</P>
  </ExternalFileReference>
  <ExternalFileReference>
    <P Name="Reference">nesl_utility/Simulink-PS
Converter</P>
    <P Name="Path">$bdroot/World/Car/Wheel Model 1/Simulink-PS Converter2</P>
    <P Name="SID">1893</P>
    <P Name="Type">LIBRARY_BLOCK</P>
  </ExternalFileReference>
  <ExternalFileReference>
    <P Name="Reference">sm_lib/Body Elements/Solid</P>
    <P Name="Path">$bdroot/World/Car/Wheel Model 1/Sphere</P>
    <P Name="SID">1894</P>
    <P Name="Type">LIBRARY_BLOCK</P>
  </ExternalFileReference>
  <ExternalFileReference>
    <P Name="Reference">sm_lib/Joints/Spherical
Joint</P>
    <P Name="Path">$bdroot/World/Car/Wheel Model 1/Spherical Joint1</P>
    <P Name="SID">1895</P>
    <P Name="Type">LIBRARY_BLOCK</P>
  </ExternalFileReference>
  <ExternalFileReference>
    <P Name="Reference">Contact_Forces_Lib/3D/Sphere to Plane Force</P>
    <P Name="Path">$bdroot/World/Car/Wheel Model 1/Wheel Contact Force</P>
    <P Name="SID">1897</P>
    <P Name="Type">LIBRARY_BLOCK</P>
  </ExternalFileReference>
  <ExternalFileReference>
    <P Name="Reference">sm_lib/Forces and
Torques/External Force
and Torque</P>
    <P Name="Path">$bdroot/World/Car/Wheel Model 2/External Force and Torque</P>
    <P Name="SID">1903</P>
    <P Name="Type">LIBRARY_BLOCK</P>
  </ExternalFileReference>
  <ExternalFileReference>
    <P Name="Reference">sm_lib/Body Elements/Solid</P>
    <P Name="Path">$bdroot/World/Car/Wheel Model 2/Infastningshus</P>
    <P Name="SID">1904</P>
    <P Name="Type">LIBRARY_BLOCK</P>
  </ExternalFileReference>
  <ExternalFileReference>
    <P Name="Reference">sm_lib/Body Elements/Solid</P>
    <P Name="Path">$bdroot/World/Car/Wheel Model 2/InnerWeight</P>
    <P Name="SID">1905</P>
    <P Name="Type">LIBRARY_BLOCK</P>
  </ExternalFileReference>
  <ExternalFileReference>
    <P Name="Reference">nesl_utility/Simulink-PS
Converter</P>
    <P Name="Path">$bdroot/World/Car/Wheel Model 2/Simulink-PS Converter2</P>
    <P Name="SID">1908</P>
    <P Name="Type">LIBRARY_BLOCK</P>
  </ExternalFileReference>
  <ExternalFileReference>
    <P Name="Reference">sm_lib/Body Elements/Solid</P>
    <P Name="Path">$bdroot/World/Car/Wheel Model 2/Sphere</P>
    <P Name="SID">1909</P>
    <P Name="Type">LIBRARY_BLOCK</P>
  </ExternalFileReference>
  <ExternalFileReference>
    <P Name="Reference">sm_lib/Joints/Spherical
Joint</P>
    <P Name="Path">$bdroot/World/Car/Wheel Model 2/Spherical Joint1</P>
    <P Name="SID">1910</P>
    <P Name="Type">LIBRARY_BLOCK</P>
  </ExternalFileReference>
  <ExternalFileReference>
    <P Name="Reference">Contact_Forces_Lib/3D/Sphere to Plane Force</P>
    <P Name="Path">$bdroot/World/Car/Wheel Model 2/Wheel Contact Force</P>
    <P Name="SID">1912</P>
    <P Name="Type">LIBRARY_BLOCK</P>
  </ExternalFileReference>
  <ExternalFileReference>
    <P Name="Reference">sm_lib/Forces and
Torques/External Force
and Torque</P>
    <P Name="Path">$bdroot/World/Car/Wheel Model 3/External Force and Torque</P>
    <P Name="SID">1566</P>
    <P Name="Type">LIBRARY_BLOCK</P>
  </ExternalFileReference>
  <ExternalFileReference>
    <P Name="Reference">sm_lib/Body Elements/Solid</P>
    <P Name="Path">$bdroot/World/Car/Wheel Model 3/Infastningshus</P>
    <P Name="SID">1567</P>
    <P Name="Type">LIBRARY_BLOCK</P>
  </ExternalFileReference>
  <ExternalFileReference>
    <P Name="Reference">sm_lib/Body Elements/Solid</P>
    <P Name="Path">$bdroot/World/Car/Wheel Model 3/InnerWeight</P>
    <P Name="SID">1884</P>
    <P Name="Type">LIBRARY_BLOCK</P>
  </ExternalFileReference>
  <ExternalFileReference>
    <P Name="Reference">nesl_utility/Simulink-PS
Converter</P>
    <P Name="Path">$bdroot/World/Car/Wheel Model 3/Simulink-PS Converter2</P>
    <P Name="SID">1571</P>
    <P Name="Type">LIBRARY_BLOCK</P>
  </ExternalFileReference>
  <ExternalFileReference>
    <P Name="Reference">sm_lib/Body Elements/Solid</P>
    <P Name="Path">$bdroot/World/Car/Wheel Model 3/Sphere</P>
    <P Name="SID">1572</P>
    <P Name="Type">LIBRARY_BLOCK</P>
  </ExternalFileReference>
  <ExternalFileReference>
    <P Name="Reference">sm_lib/Joints/Spherical
Joint</P>
    <P Name="Path">$bdroot/World/Car/Wheel Model 3/Spherical Joint1</P>
    <P Name="SID">1573</P>
    <P Name="Type">LIBRARY_BLOCK</P>
  </ExternalFileReference>
  <ExternalFileReference>
    <P Name="Reference">Contact_Forces_Lib/3D/Sphere to Plane Force</P>
    <P Name="Path">$bdroot/World/Car/Wheel Model 3/Wheel Contact Force</P>
    <P Name="SID">1575</P>
    <P Name="Type">LIBRARY_BLOCK</P>
  </ExternalFileReference>
  <ExternalFileReference>
    <P Name="Reference">sm_lib/Forces and
Torques/External Force
and Torque</P>
    <P Name="Path">$bdroot/World/Car/Wheel Model 4/External Force and Torque</P>
    <P Name="SID">1918</P>
    <P Name="Type">LIBRARY_BLOCK</P>
  </ExternalFileReference>
  <ExternalFileReference>
    <P Name="Reference">sm_lib/Body Elements/Solid</P>
    <P Name="Path">$bdroot/World/Car/Wheel Model 4/Infastningshus</P>
    <P Name="SID">1919</P>
    <P Name="Type">LIBRARY_BLOCK</P>
  </ExternalFileReference>
  <ExternalFileReference>
    <P Name="Reference">sm_lib/Body Elements/Solid</P>
    <P Name="Path">$bdroot/World/Car/Wheel Model 4/InnerWeight</P>
    <P Name="SID">1920</P>
    <P Name="Type">LIBRARY_BLOCK</P>
  </ExternalFileReference>
  <ExternalFileReference>
    <P Name="Reference">nesl_utility/Simulink-PS
Converter</P>
    <P Name="Path">$bdroot/World/Car/Wheel Model 4/Simulink-PS Converter2</P>
    <P Name="SID">1923</P>
    <P Name="Type">LIBRARY_BLOCK</P>
  </ExternalFileReference>
  <ExternalFileReference>
    <P Name="Reference">sm_lib/Body Elements/Solid</P>
    <P Name="Path">$bdroot/World/Car/Wheel Model 4/Sphere</P>
    <P Name="SID">1924</P>
    <P Name="Type">LIBRARY_BLOCK</P>
  </ExternalFileReference>
  <ExternalFileReference>
    <P Name="Reference">sm_lib/Joints/Spherical
Joint</P>
    <P Name="Path">$bdroot/World/Car/Wheel Model 4/Spherical Joint1</P>
    <P Name="SID">1925</P>
    <P Name="Type">LIBRARY_BLOCK</P>
  </ExternalFileReference>
  <ExternalFileReference>
    <P Name="Reference">Contact_Forces_Lib/3D/Sphere to Plane Force</P>
    <P Name="Path">$bdroot/World/Car/Wheel Model 4/Wheel Contact Force</P>
    <P Name="SID">1927</P>
    <P Name="Type">LIBRARY_BLOCK</P>
  </ExternalFileReference>
  <ExternalFileReference>
    <P Name="Reference">simulink_extras/Transformations/Degrees to
Radians</P>
    <P Name="Path">$bdroot/World/Degrees to Radians</P>
    <P Name="SID">1598</P>
    <P Name="Type">LIBRARY_BLOCK</P>
  </ExternalFileReference>
  <ExternalFileReference>
    <P Name="Reference">sm_lib/Forces and
Torques/External Force
and Torque</P>
    <P Name="Path">$bdroot/World/External Force and Torque</P>
    <P Name="SID">1831</P>
    <P Name="Type">LIBRARY_BLOCK</P>
  </ExternalFileReference>
  <ExternalFileReference>
    <P Name="Reference">sm_lib/Body Elements/Solid</P>
    <P Name="Path">$bdroot/World/Floor/Floor</P>
    <P Name="SID">140</P>
    <P Name="Type">LIBRARY_BLOCK</P>
  </ExternalFileReference>
  <ExternalFileReference>
    <P Name="Reference">sm_lib/Frames and
Transforms/Rigid
Transform</P>
    <P Name="Path">$bdroot/World/Floor/Floor Surface</P>
    <P Name="SID">151</P>
    <P Name="Type">LIBRARY_BLOCK</P>
  </ExternalFileReference>
  <ExternalFileReference>
    <P Name="Reference">vrlib/Utilities/Normalize Vector</P>
    <P Name="Path">$bdroot/World/Heading Regulator/Normalize Vector</P>
    <P Name="SID">1403</P>
    <P Name="Type">LIBRARY_BLOCK</P>
  </ExternalFileReference>
  <ExternalFileReference>
    <P Name="Reference">simulink/Continuous/PID Controller</P>
    <P Name="Path">$bdroot/World/Heading Regulator/PID Controller1</P>
    <P Name="SID">1818</P>
    <P Name="Type">LIBRARY_BLOCK</P>
  </ExternalFileReference>
  <ExternalFileReference>
    <P Name="Reference">simulink_extras/Transformations/Radians
to Degrees</P>
    <P Name="Path">$bdroot/World/Radians to Degrees</P>
    <P Name="SID">1599</P>
    <P Name="Type">LIBRARY_BLOCK</P>
  </ExternalFileReference>
  <ExternalFileReference>
    <P Name="Reference">nesl_utility/Simulink-PS
Converter</P>
    <P Name="Path">$bdroot/World/Simulink-PS Converter1</P>
    <P Name="SID">1833</P>
    <P Name="Type">LIBRARY_BLOCK</P>
  </ExternalFileReference>
  <ExternalFileReference>
    <P Name="Reference">nesl_utility/Simulink-PS
Converter</P>
    <P Name="Path">$bdroot/World/Simulink-PS Converter2</P>
    <P Name="SID">1832</P>
    <P Name="Type">LIBRARY_BLOCK</P>
  </ExternalFileReference>
  <ExternalFileReference>
    <P Name="Reference">nesl_utility/Simulink-PS
Converter</P>
    <P Name="Path">$bdroot/World/Simulink-PS Converter3</P>
    <P Name="SID">1834</P>
    <P Name="Type">LIBRARY_BLOCK</P>
  </ExternalFileReference>
  <ExternalFileReference>
    <P Name="Reference">simulink/Continuous/PID Controller</P>
    <P Name="Path">$bdroot/World/Speed Regulator/PID Controller1</P>
    <P Name="SID">1815</P>
    <P Name="Type">LIBRARY_BLOCK</P>
  </ExternalFileReference>
  <ExternalFileReference>
    <P Name="Reference">nesl_utility/PS-Simulink
Converter</P>
    <P Name="Path">$bdroot/World/Speedometer/PS-Simulink Converter</P>
    <P Name="SID">429</P>
    <P Name="Type">LIBRARY_BLOCK</P>
  </ExternalFileReference>
  <ExternalFileReference>
    <P Name="Reference">nesl_utility/PS-Simulink
Converter</P>
    <P Name="Path">$bdroot/World/Speedometer/PS-Simulink Converter1</P>
    <P Name="SID">431</P>
    <P Name="Type">LIBRARY_BLOCK</P>
  </ExternalFileReference>
  <ExternalFileReference>
    <P Name="Reference">sm_lib/Frames and
Transforms/Transform
Sensor</P>
    <P Name="Path">$bdroot/World/Speedometer/Transform Sensor</P>
    <P Name="SID">428</P>
    <P Name="Type">LIBRARY_BLOCK</P>
  </ExternalFileReference>
  <ExternalFileReference>
    <P Name="Reference">nesl_utility/PS-Simulink
Converter</P>
    <P Name="Path">$bdroot/World/Tracksystem/SensorN1/PS-Simulink Converter</P>
    <P Name="SID">1322</P>
    <P Name="Type">LIBRARY_BLOCK</P>
  </ExternalFileReference>
  <ExternalFileReference>
    <P Name="Reference">nesl_utility/PS-Simulink
Converter</P>
    <P Name="Path">$bdroot/World/Tracksystem/SensorN1/PS-Simulink Converter1</P>
    <P Name="SID">1323</P>
    <P Name="Type">LIBRARY_BLOCK</P>
  </ExternalFileReference>
  <ExternalFileReference>
    <P Name="Reference">sm_lib/Frames and
Transforms/Transform
Sensor</P>
    <P Name="Path">$bdroot/World/Tracksystem/SensorN1/Transform Sensor</P>
    <P Name="SID">1325</P>
    <P Name="Type">LIBRARY_BLOCK</P>
  </ExternalFileReference>
  <ExternalFileReference>
    <P Name="Reference">nesl_utility/PS-Simulink
Converter</P>
    <P Name="Path">$bdroot/World/Tracksystem/SensorN2/PS-Simulink Converter</P>
    <P Name="SID">1066</P>
    <P Name="Type">LIBRARY_BLOCK</P>
  </ExternalFileReference>
  <ExternalFileReference>
    <P Name="Reference">nesl_utility/PS-Simulink
Converter</P>
    <P Name="Path">$bdroot/World/Tracksystem/SensorN2/PS-Simulink Converter1</P>
    <P Name="SID">1067</P>
    <P Name="Type">LIBRARY_BLOCK</P>
  </ExternalFileReference>
  <ExternalFileReference>
    <P Name="Reference">sm_lib/Frames and
Transforms/Transform
Sensor</P>
    <P Name="Path">$bdroot/World/Tracksystem/SensorN2/Transform Sensor</P>
    <P Name="SID">1068</P>
    <P Name="Type">LIBRARY_BLOCK</P>
  </ExternalFileReference>
  <ExternalFileReference>
    <P Name="Reference">nesl_utility/PS-Simulink
Converter</P>
    <P Name="Path">$bdroot/World/Tracksystem/SensorN3/PS-Simulink Converter</P>
    <P Name="SID">1262</P>
    <P Name="Type">LIBRARY_BLOCK</P>
  </ExternalFileReference>
  <ExternalFileReference>
    <P Name="Reference">nesl_utility/PS-Simulink
Converter</P>
    <P Name="Path">$bdroot/World/Tracksystem/SensorN3/PS-Simulink Converter1</P>
    <P Name="SID">1263</P>
    <P Name="Type">LIBRARY_BLOCK</P>
  </ExternalFileReference>
  <ExternalFileReference>
    <P Name="Reference">sm_lib/Frames and
Transforms/Transform
Sensor</P>
    <P Name="Path">$bdroot/World/Tracksystem/SensorN3/Transform Sensor</P>
    <P Name="SID">1265</P>
    <P Name="Type">LIBRARY_BLOCK</P>
  </ExternalFileReference>
  <ExternalFileReference>
    <P Name="Reference">nesl_utility/PS-Simulink
Converter</P>
    <P Name="Path">$bdroot/World/Tracksystem/SensorN4/PS-Simulink Converter</P>
    <P Name="SID">1274</P>
    <P Name="Type">LIBRARY_BLOCK</P>
  </ExternalFileReference>
  <ExternalFileReference>
    <P Name="Reference">nesl_utility/PS-Simulink
Converter</P>
    <P Name="Path">$bdroot/World/Tracksystem/SensorN4/PS-Simulink Converter1</P>
    <P Name="SID">1275</P>
    <P Name="Type">LIBRARY_BLOCK</P>
  </ExternalFileReference>
  <ExternalFileReference>
    <P Name="Reference">sm_lib/Frames and
Transforms/Transform
Sensor</P>
    <P Name="Path">$bdroot/World/Tracksystem/SensorN4/Transform Sensor</P>
    <P Name="SID">1277</P>
    <P Name="Type">LIBRARY_BLOCK</P>
  </ExternalFileReference>
  <ExternalFileReference>
    <P Name="Reference">nesl_utility/PS-Simulink
Converter</P>
    <P Name="Path">$bdroot/World/Tracksystem/SensorN5/PS-Simulink Converter</P>
    <P Name="SID">1286</P>
    <P Name="Type">LIBRARY_BLOCK</P>
  </ExternalFileReference>
  <ExternalFileReference>
    <P Name="Reference">nesl_utility/PS-Simulink
Converter</P>
    <P Name="Path">$bdroot/World/Tracksystem/SensorN5/PS-Simulink Converter1</P>
    <P Name="SID">1287</P>
    <P Name="Type">LIBRARY_BLOCK</P>
  </ExternalFileReference>
  <ExternalFileReference>
    <P Name="Reference">sm_lib/Frames and
Transforms/Transform
Sensor</P>
    <P Name="Path">$bdroot/World/Tracksystem/SensorN5/Transform Sensor</P>
    <P Name="SID">1289</P>
    <P Name="Type">LIBRARY_BLOCK</P>
  </ExternalFileReference>
  <ExternalFileReference>
    <P Name="Reference">nesl_utility/PS-Simulink
Converter</P>
    <P Name="Path">$bdroot/World/Tracksystem/SensorN6/PS-Simulink Converter</P>
    <P Name="SID">1298</P>
    <P Name="Type">LIBRARY_BLOCK</P>
  </ExternalFileReference>
  <ExternalFileReference>
    <P Name="Reference">nesl_utility/PS-Simulink
Converter</P>
    <P Name="Path">$bdroot/World/Tracksystem/SensorN6/PS-Simulink Converter1</P>
    <P Name="SID">1299</P>
    <P Name="Type">LIBRARY_BLOCK</P>
  </ExternalFileReference>
  <ExternalFileReference>
    <P Name="Reference">sm_lib/Frames and
Transforms/Transform
Sensor</P>
    <P Name="Path">$bdroot/World/Tracksystem/SensorN6/Transform Sensor</P>
    <P Name="SID">1301</P>
    <P Name="Type">LIBRARY_BLOCK</P>
  </ExternalFileReference>
  <ExternalFileReference>
    <P Name="Reference">nesl_utility/PS-Simulink
Converter</P>
    <P Name="Path">$bdroot/World/Tracksystem/SensorN7/PS-Simulink Converter</P>
    <P Name="SID">1310</P>
    <P Name="Type">LIBRARY_BLOCK</P>
  </ExternalFileReference>
  <ExternalFileReference>
    <P Name="Reference">nesl_utility/PS-Simulink
Converter</P>
    <P Name="Path">$bdroot/World/Tracksystem/SensorN7/PS-Simulink Converter1</P>
    <P Name="SID">1311</P>
    <P Name="Type">LIBRARY_BLOCK</P>
  </ExternalFileReference>
  <ExternalFileReference>
    <P Name="Reference">sm_lib/Frames and
Transforms/Transform
Sensor</P>
    <P Name="Path">$bdroot/World/Tracksystem/SensorN7/Transform Sensor</P>
    <P Name="SID">1313</P>
    <P Name="Type">LIBRARY_BLOCK</P>
  </ExternalFileReference>
  <ExternalFileReference>
    <P Name="Reference">nesl_utility/PS-Simulink
Converter</P>
    <P Name="Path">$bdroot/World/Tracksystem/SensorN8/PS-Simulink Converter</P>
    <P Name="SID">1334</P>
    <P Name="Type">LIBRARY_BLOCK</P>
  </ExternalFileReference>
  <ExternalFileReference>
    <P Name="Reference">nesl_utility/PS-Simulink
Converter</P>
    <P Name="Path">$bdroot/World/Tracksystem/SensorN8/PS-Simulink Converter1</P>
    <P Name="SID">1335</P>
    <P Name="Type">LIBRARY_BLOCK</P>
  </ExternalFileReference>
  <ExternalFileReference>
    <P Name="Reference">sm_lib/Frames and
Transforms/Transform
Sensor</P>
    <P Name="Path">$bdroot/World/Tracksystem/SensorN8/Transform Sensor</P>
    <P Name="SID">1337</P>
    <P Name="Type">LIBRARY_BLOCK</P>
  </ExternalFileReference>
  <ExternalFileReference>
    <P Name="Reference">sm_lib/Body Elements/Solid</P>
    <P Name="Path">$bdroot/World/Tracksystem/Solid</P>
    <P Name="SID">1862</P>
    <P Name="Type">LIBRARY_BLOCK</P>
  </ExternalFileReference>
  <ExternalFileReference>
    <P Name="Reference">sm_lib/Body Elements/Solid</P>
    <P Name="Path">$bdroot/World/Tracksystem/Solid1</P>
    <P Name="SID">1863</P>
    <P Name="Type">LIBRARY_BLOCK</P>
  </ExternalFileReference>
  <ExternalFileReference>
    <P Name="Reference">sm_lib/Frames and
Transforms/Rigid
Transform</P>
    <P Name="Path">$bdroot/World/Tracksystem/Subsystem/sensorDownkord</P>
    <P Name="SID">773</P>
    <P Name="Type">LIBRARY_BLOCK</P>
  </ExternalFileReference>
  <ExternalFileReference>
    <P Name="Reference">sm_lib/Frames and
Transforms/Rigid
Transform</P>
    <P Name="Path">$bdroot/World/Tracksystem/Subsystem/sensorDownkord8</P>
    <P Name="SID">769</P>
    <P Name="Type">LIBRARY_BLOCK</P>
  </ExternalFileReference>
  <ExternalFileReference>
    <P Name="Reference">sm_lib/Frames and
Transforms/Rigid
Transform</P>
    <P Name="Path">$bdroot/World/Tracksystem/Subsystem1/sensorDownkord</P>
    <P Name="SID">780</P>
    <P Name="Type">LIBRARY_BLOCK</P>
  </ExternalFileReference>
  <ExternalFileReference>
    <P Name="Reference">sm_lib/Frames and
Transforms/Rigid
Transform</P>
    <P Name="Path">$bdroot/World/Tracksystem/Subsystem1/sensorDownkord8</P>
    <P Name="SID">781</P>
    <P Name="Type">LIBRARY_BLOCK</P>
  </ExternalFileReference>
  <ExternalFileReference>
    <P Name="Reference">sm_lib/Frames and
Transforms/Rigid
Transform</P>
    <P Name="Path">$bdroot/World/Tracksystem/Subsystem2/sensorDownkord</P>
    <P Name="SID">785</P>
    <P Name="Type">LIBRARY_BLOCK</P>
  </ExternalFileReference>
  <ExternalFileReference>
    <P Name="Reference">sm_lib/Frames and
Transforms/Rigid
Transform</P>
    <P Name="Path">$bdroot/World/Tracksystem/Subsystem2/sensorDownkord8</P>
    <P Name="SID">786</P>
    <P Name="Type">LIBRARY_BLOCK</P>
  </ExternalFileReference>
  <ExternalFileReference>
    <P Name="Reference">sm_lib/Frames and
Transforms/Rigid
Transform</P>
    <P Name="Path">$bdroot/World/Tracksystem/Subsystem3/sensorDownkord</P>
    <P Name="SID">790</P>
    <P Name="Type">LIBRARY_BLOCK</P>
  </ExternalFileReference>
  <ExternalFileReference>
    <P Name="Reference">sm_lib/Frames and
Transforms/Rigid
Transform</P>
    <P Name="Path">$bdroot/World/Tracksystem/Subsystem3/sensorDownkord8</P>
    <P Name="SID">791</P>
    <P Name="Type">LIBRARY_BLOCK</P>
  </ExternalFileReference>
  <ExternalFileReference>
    <P Name="Reference">sm_lib/Frames and
Transforms/Rigid
Transform</P>
    <P Name="Path">$bdroot/World/Tracksystem/Subsystem5/sensorDownkord</P>
    <P Name="SID">800</P>
    <P Name="Type">LIBRARY_BLOCK</P>
  </ExternalFileReference>
  <ExternalFileReference>
    <P Name="Reference">sm_lib/Frames and
Transforms/Rigid
Transform</P>
    <P Name="Path">$bdroot/World/Tracksystem/Subsystem5/sensorDownkord8</P>
    <P Name="SID">801</P>
    <P Name="Type">LIBRARY_BLOCK</P>
  </ExternalFileReference>
  <ExternalFileReference>
    <P Name="Reference">sm_lib/Frames and
Transforms/Rigid
Transform</P>
    <P Name="Path">$bdroot/World/Tracksystem/Subsystem6/sensorDownkord</P>
    <P Name="SID">805</P>
    <P Name="Type">LIBRARY_BLOCK</P>
  </ExternalFileReference>
  <ExternalFileReference>
    <P Name="Reference">sm_lib/Frames and
Transforms/Rigid
Transform</P>
    <P Name="Path">$bdroot/World/Tracksystem/Subsystem6/sensorDownkord8</P>
    <P Name="SID">806</P>
    <P Name="Type">LIBRARY_BLOCK</P>
  </ExternalFileReference>
  <ExternalFileReference>
    <P Name="Reference">sm_lib/Frames and
Transforms/Rigid
Transform</P>
    <P Name="Path">$bdroot/World/Tracksystem/Subsystem7/sensorDownkord</P>
    <P Name="SID">810</P>
    <P Name="Type">LIBRARY_BLOCK</P>
  </ExternalFileReference>
  <ExternalFileReference>
    <P Name="Reference">sm_lib/Frames and
Transforms/Rigid
Transform</P>
    <P Name="Path">$bdroot/World/Tracksystem/Subsystem7/sensorDownkord8</P>
    <P Name="SID">811</P>
    <P Name="Type">LIBRARY_BLOCK</P>
  </ExternalFileReference>
  <ExternalFileReference>
    <P Name="Reference">sm_lib/Frames and
Transforms/Rigid
Transform</P>
    <P Name="Path">$bdroot/World/Tracksystem/Subsystem8/sensorDownkord</P>
    <P Name="SID">866</P>
    <P Name="Type">LIBRARY_BLOCK</P>
  </ExternalFileReference>
  <ExternalFileReference>
    <P Name="Reference">sm_lib/Frames and
Transforms/Rigid
Transform</P>
    <P Name="Path">$bdroot/World/Tracksystem/Subsystem8/sensorDownkord8</P>
    <P Name="SID">867</P>
    <P Name="Type">LIBRARY_BLOCK</P>
  </ExternalFileReference>
  <ExternalFileReference>
    <P Name="Reference">sm_lib/Body Elements/Solid</P>
    <P Name="Path">$bdroot/World/Tracksystem/sensor1</P>
    <P Name="SID">768</P>
    <P Name="Type">LIBRARY_BLOCK</P>
  </ExternalFileReference>
  <ExternalFileReference>
    <P Name="Reference">sm_lib/Body Elements/Solid</P>
    <P Name="Path">$bdroot/World/Tracksystem/sensor2</P>
    <P Name="SID">1372</P>
    <P Name="Type">LIBRARY_BLOCK</P>
  </ExternalFileReference>
  <ExternalFileReference>
    <P Name="Reference">sm_lib/Body Elements/Solid</P>
    <P Name="Path">$bdroot/World/Tracksystem/sensor3</P>
    <P Name="SID">1373</P>
    <P Name="Type">LIBRARY_BLOCK</P>
  </ExternalFileReference>
  <ExternalFileReference>
    <P Name="Reference">sm_lib/Body Elements/Solid</P>
    <P Name="Path">$bdroot/World/Tracksystem/sensor4</P>
    <P Name="SID">1374</P>
    <P Name="Type">LIBRARY_BLOCK</P>
  </ExternalFileReference>
  <ExternalFileReference>
    <P Name="Reference">sm_lib/Body Elements/Solid</P>
    <P Name="Path">$bdroot/World/Tracksystem/sensor5</P>
    <P Name="SID">1375</P>
    <P Name="Type">LIBRARY_BLOCK</P>
  </ExternalFileReference>
  <ExternalFileReference>
    <P Name="Reference">sm_lib/Body Elements/Solid</P>
    <P Name="Path">$bdroot/World/Tracksystem/sensor6</P>
    <P Name="SID">1625</P>
    <P Name="Type">LIBRARY_BLOCK</P>
  </ExternalFileReference>
  <ExternalFileReference>
    <P Name="Reference">sm_lib/Body Elements/Solid</P>
    <P Name="Path">$bdroot/World/Tracksystem/sensor7</P>
    <P Name="SID">1377</P>
    <P Name="Type">LIBRARY_BLOCK</P>
  </ExternalFileReference>
  <ExternalFileReference>
    <P Name="Reference">sm_lib/Body Elements/Solid</P>
    <P Name="Path">$bdroot/World/Tracksystem/sensor8</P>
    <P Name="SID">1378</P>
    <P Name="Type">LIBRARY_BLOCK</P>
  </ExternalFileReference>
  <ExternalFileReference>
    <P Name="Reference">sm_lib/Frames and
Transforms/World Frame</P>
    <P Name="Path">$bdroot/World Frame</P>
    <P Name="SID">5</P>
    <P Name="Type">LIBRARY_BLOCK</P>
  </ExternalFileReference>
  <P Name="OrderedModelArguments">1</P>
</GraphicalInterface>
