<?xml version="1.0" encoding="UTF-8"?>
<sltp_editor version="1.1" packageUris="http://schema.mathworks.com/mf0/DiagramEditor/19700101 http://schema.mathworks.com/mf0/SltpSyntax/R2018b_201805311549">
  <sltp.mm.syntax.Graph type="sltp.mm.syntax.Graph" uuid="cc049834-8007-4bcf-bf36-5fe7dc03410b">
    <children type="sltp.mm.syntax.Node" uuid="cc107326-2ffb-4ac1-b028-ffc48e85be0a">
      <priority>40</priority>
      <rates type="sltp.mm.syntax.RateData">
        <color>#000000</color>
        <rate>0</rate>
      </rates>
      <title>Cont</title>
      <type>base</type>
      <diagramElement type="diagram.editor.model.Entity" uuid="b6595fc5-3fec-4b0f-8b7d-e83ad3699b60"/>
      <subgraph type="sltp.mm.syntax.Graph" uuid="dae80ada-a0d7-4f48-b8c8-52fcc86b7592">
        <title>Cont</title>
        <diagramElement type="diagram.editor.model.Diagram" uuid="44647b61-5aab-4be2-a945-494c7e876687"/>
      </subgraph>
    </children>
    <title>Default</title>
    <diagramElement type="diagram.editor.model.Diagram" uuid="dc1850f6-9a0d-427e-81a1-bce7ad4294e7"/>
  </sltp.mm.syntax.Graph>
  <diagram.editor.model.Diagram type="diagram.editor.model.Diagram" uuid="dc1850f6-9a0d-427e-81a1-bce7ad4294e7">
    <entities type="diagram.editor.model.Entity" uuid="b6595fc5-3fec-4b0f-8b7d-e83ad3699b60">
      <position type="diagram.editor.model.Point"/>
      <size type="diagram.editor.model.Rect">
        <height>100</height>
        <width>100</width>
      </size>
      <syntaxElement type="sltp.mm.syntax.Node" uuid="cc107326-2ffb-4ac1-b028-ffc48e85be0a"/>
      <title>Cont</title>
      <type>base</type>
      <subDiagram type="diagram.editor.model.Diagram" uuid="44647b61-5aab-4be2-a945-494c7e876687">
        <position type="diagram.editor.model.Point"/>
        <size empty="true"/>
        <syntaxElement type="sltp.mm.syntax.Graph" uuid="dae80ada-a0d7-4f48-b8c8-52fcc86b7592"/>
        <title>Cont</title>
        <type>graph.Graph</type>
      </subDiagram>
    </entities>
    <position empty="true"/>
    <size empty="true"/>
    <syntaxElement type="sltp.mm.syntax.Graph" uuid="cc049834-8007-4bcf-bf36-5fe7dc03410b"/>
    <title>Default</title>
    <type>graph.Graph</type>
  </diagram.editor.model.Diagram>
</sltp_editor>