<?xml version="1.0" encoding="UTF-8"?>
<sltp_graph version="1.1" packageUris="http://schema.mathworks.com/mf0/sltp_mm/R2018b_201805251631">
  <sltp.mm.core.Context type="sltp.mm.core.Context" uuid="1471d006-81f5-4188-83c7-543db189a8b7">
    <priorityDirection>HighNumberLast</priorityDirection>
    <tasks type="sltp.mm.core.Task" uuid="4c3bce84-00a6-4588-8e92-c91c33668ee1"/>
    <tasks type="sltp.mm.core.Task" uuid="d4bfe1d1-6a43-4d0c-8b26-5b1f6b236482"/>
    <unusedIds>2</unusedIds>
    <unusedIds>3</unusedIds>
    <rootTask type="sltp.mm.core.Task" uuid="4c3bce84-00a6-4588-8e92-c91c33668ee1">
      <context type="sltp.mm.core.Context" uuid="1471d006-81f5-4188-83c7-543db189a8b7"/>
      <explicit>false</explicit>
      <name>Default</name>
      <priority>-2147483648</priority>
      <subgraph type="sltp.mm.core.Graph" uuid="063cfcec-3d20-4d03-b8e7-28bb63e70f23">
        <tasks type="sltp.mm.core.Task" uuid="d4bfe1d1-6a43-4d0c-8b26-5b1f6b236482">
          <baseTask>true</baseTask>
          <context type="sltp.mm.core.Context" uuid="1471d006-81f5-4188-83c7-543db189a8b7"/>
          <explicit>false</explicit>
          <id>1</id>
          <name>Cont</name>
          <priority>40</priority>
          <rates type="sltp.mm.core.Rate" uuid="baab3c67-0e92-4f73-9adb-e8f6c7818bd7">
            <color>255</color>
            <rateSpec type="sltp.mm.core.RateSpec">
              <period>0</period>
            </rateSpec>
            <sti>-1</sti>
          </rates>
        </tasks>
      </subgraph>
    </rootTask>
  </sltp.mm.core.Context>
</sltp_graph>